Product Name,Prices,Description,Reviews
"Apple iPhone XR (Black, 64 GB) (Includes EarPods, Power Adapter)","₹47,900",64 GB ROM15.5 cm (6.102 inch) Display12MP Rear Camera | 7MP Front CameraA12 Bionic Chip ProcessoriOS 13 CompatibleBrand Warranty of 1 Year,4.6
"OnePlus 11 5G (Eternal Green, 256 GB)","₹49,999",16 GB RAM | 256 GB ROM17.02 cm (6.7 inch) Display50MP Rear Camera5000 mAh Batterydomestic warranty of 12 months on phone & 6 months on accessories,4.5
"vivo X60 (Midnight Black, 256 GB)","₹46,990",12 GB RAM | 256 GB ROM16.66 cm (6.56 inch) Full HD+ Display48MP + 13MP + 13MP | 32MP Front Camera4300 mAh Lithium-ion BatteryQualcomm Snapdragon 870 ProcessorAMOLED Display1 Year for Handset and 6 Months for In-box Accessories,4.4
"Apple iPhone 6 Plus (Silver, 64 GB)","₹48,999",64 GB ROM13.97 cm (5.5 inch) Retina HD Display8MP Rear Camera | 1.2MP Front CameraA8 Chip with 64-bit Architecture and M8 Motion Co-processor1 Year Manufacturer Warranty,4.5
"Apple iPhone 8 Plus (Gold, 64 GB)","₹49,900","64 GB ROM13.97 cm (5.5 inch) Retina HD Display12MP + 12MP | 7MP Front CameraA11 Bionic Chip with 64-bit Architecture, Neural Engine, Embedded M11 Motion Coprocessor ProcessorBrand Warranty of 1 Year",4.6
"OnePlus 9 5G (Arctic Sky, 256 GB)","₹45,990",12 GB RAM | 256 GB ROM16.64 cm (6.55 inch) Display48MP Rear Camera4500 mAh Battery12 months,4
"realme X50 Pro (Moss Green, 256 GB)","₹47,999",12 GB RAM | 256 GB ROM16.36 cm (6.44 inch) Full HD+ Display64MP + 12MP + 8MP + 2MP | 32MP + 8MP Dual Front Camera4200 mAh Battery5G PhoneQualcomm Snapdragon 865 Processor65W Superdart ChargeBrand Warranty of 1 Year Available for Mobile and 6 Months for Accessories,4.4
"OPPO Reno7 Pro 5G (Startrails Blue, 256 GB)","₹47,990",12 GB RAM | 256 GB ROM | Expandable Upto 7 GB16.51 cm (6.5 inch) Full HD+ AMOLED Display50MP + 8MP + 2MP | 32MP Front Camera4500 mAh Lithium-ion Polymer BatteryMediaTek Dimensity 1200-Max Processor65W SuperVOOC | OPPO Sony IMX766 Flagship Rear Camera SensorAircraft-Grade Shooting Star Design | OPPO Glow1 Year Warranty for Phone and 6 Months Warranty for In-Box Accessories,4.3
"OPPO Reno7 Pro 5G (Starlight Black, 256 GB)","₹47,990",12 GB RAM | 256 GB ROM16.51 cm (6.5 inch) Full HD+ AMOLED Display50MP + 8MP + 2MP | 32MP Front Camera4500 mAh Lithium-ion Polymer BatteryMediaTek Dimensity 1200-Max Processor65W SuperVOOC | OPPO Sony IMX766 Flagship Rear Camera SensorAircraft-Grade Shooting Star Design | OPPO Glow1 Year Warranty for Phone and 6 Months Warranty for In-Box Accessories,4.3
"Mi 10T Pro (Cosmic Black, 128 GB)","₹47,999",8 GB RAM | 128 GB ROM16.94 cm (6.67 inch) Full HD+ Display108MP + 13MP + 5MP | 20MP Front Camera5000 mAh Li-ion Polymer BatteryQualcomm Snapdragon 865 Processor144Hz Intelligent AdaptiveSync Display33W Dual Split Flash Charge1 Year Manufacturer Warranty for Device and 6 Months Manufacturer Warranty for In-box Accessories,4.2
"SAMSUNG Galaxy S7 (Gold Platinum, 32 GB)","₹46,000",4 GB RAM | 32 GB ROM | Expandable Upto 200 GB12.95 cm (5.1 inch) Quad HD Display12MP Rear Camera | 5MP Front Camera3000 mAh Li-Ion BatteryExynos 8890 Octa Core 2.3GHz ProcessorBrand Warranty of 1 Year Available for Mobile and 6 Months for Accessories,4.4
"realme X50 Pro 5G (Rust Red, 256 GB)","₹47,999",12 GB RAM | 256 GB ROM16.36 cm (6.44 inch) Full HD+ Display64MP + 12MP + 8MP + 2MP | 32MP + 8MP Dual Front Camera4200 mAh Battery5G PhoneQualcomm Snapdragon 865 Processor65W Superdart ChargeBrand Warranty of 1 Year Available for Mobile and 6 Months for Accessories,4.4
"vivo X80 (Cosmic Black, 128 GB)","₹54,999",8 GB RAM | 128 GB ROM17.22 cm (6.78 inch) Full HD+ Display50MP + 12MP + 12MP | 32MP Front Camera4500 mAh Lithium BatteryMediatek Dimensity 9000 Processor1 Year on Handset and 6 Months on Accessories,4.5
"Apple iPhone XR (White, 64 GB) (Includes EarPods, Power Adapter)","₹47,900",64 GB ROM15.49 cm (6.1 inch) Display12MP Rear Camera | 7MP Front CameraA12 Bionic Chip ProcessoriOS 13 CompatibleBrand Warranty of 1 Year,4.6
"OPPO Reno6 Pro 5G (Aurora, 256 GB)","₹46,990",12 GB RAM | 256 GB ROM16.64 cm (6.55 inch) Full HD+ Display64MP + 8MP + 2MP + 2MP | 32MP Front Camera4500 mAh Lithium-ion Polymer BatteryMediaTek Dimensity 1200 Processor65W SuperVOOC 2.0 Charging3D Borderless ScreenBokeh Flare Portrait Video | AI Highlight Video | OPPO Reno Glow 2.0Brand Warranty of 1 Year Available for Mobile Including Battery and 6 Months for Accessories,4.4
"OPPO Reno6 Pro 5G (Majestic Gold, 256 GB)","₹45,990",12 GB RAM | 256 GB ROM16.64 cm (6.55 inch) Full HD+ Display64MP + 8MP + 2MP + 2MP | 32MP Front Camera4500 mAh Lithium-ion Polymer BatteryMediaTek Dimensity 1200 Processor65W SuperVOOC 2.0 Charging3D Borderless ScreenBokeh Flare Portrait Video | AI Highlight Video | OPPO Reno Glow 2.0Brand Warranty of 1 Year Available for Mobile Including Battery and 6 Months for Accessories,4.4
"Apple iPhone 8 Plus (Silver, 64 GB)","₹49,900","64 GB ROM13.97 cm (5.5 inch) Retina HD Display12MP + 12MP | 7MP Front CameraA11 Bionic Chip with 64-bit Architecture, Neural Engine, Embedded M11 Motion Coprocessor ProcessorBrand Warranty of 1 Year",4.6
"Apple iPhone 8 Plus (Space Grey, 64 GB)","₹49,900","64 GB ROM13.97 cm (5.5 inch) Retina HD Display12MP + 12MP | 7MP Front CameraA11 Bionic Chip with 64-bit Architecture, Neural Engine, Embedded M11 Motion Coprocessor ProcessorBrand Warranty of 1 Year",4.6
"SAMSUNG Galaxy S23 FE (Mint, 256 GB)","₹41,999",8 GB RAM | 256 GB ROM16.26 cm (6.4 inch) Full HD+ Display50MP + 12MP | 10MP Front Camera4500 mAh BatterySamsung Exynos 2200 Processor1 Year Manufacturer Warranty for Device and 6 Months for In-Box Accessories,4.3
"OnePlus 11R 5G (Sonic Black, 256 GB)","₹38,707",16 GB RAM | 256 GB ROM17.02 cm (6.7 inch) Display50MP Rear Camera5000 mAh BatteryDomestic warranty of 12 months on phone & 6 months on accessries,4.5
"SAMSUNG Galaxy S23 FE (Graphite, 256 GB)","₹41,999",8 GB RAM | 256 GB ROM16.26 cm (6.4 inch) Full HD+ Display50MP + 12MP | 10MP Front Camera4500 mAh BatterySamsung Exynos 2200 Processor1 Year Manufacturer Warranty for Device and 6 Months for In-Box Accessories,4.3
"realme GT 6T 5G (Razor Green, 512 GB)","₹38,900",12 GB RAM | 512 GB ROM17.22 cm (6.78 inch) Display50MP Rear Camera5500 mAh Battery1 Year,4.6
"OnePlus 12R (Iron Gray, 256 GB)","₹42,998","8 GB RAM | 256 GB ROM17.22 cm (6.78 inch) Display50MP Rear Camera5500 mAh Battery1 Year Warranty
1 year manufacturer warranty for device and 1 year manufacturer warranty for in-box accessories including batteries from the date of purchase",4.5
"realme GT 6T 5G (Fluid Silver, 512 GB)","₹37,674",12 GB RAM | 512 GB ROM17.22 cm (6.78 inch) Display50MP Rear Camera5500 mAh Battery1 Year,4.6
"OnePlus 12R (Iron Gray, 256 GB)","₹42,998","8 GB RAM | 256 GB ROM17.22 cm (6.78 inch) Display50MP Rear Camera5500 mAh Battery1 Year Warranty
1 year manufacturer warranty for device and 1 year manufacturer warranty for in-box accessories including batteries from the date of purchase",4.5
"realme GT 6T 5G (Fluid Silver, 512 GB)","₹37,674",12 GB RAM | 512 GB ROM17.22 cm (6.78 inch) Display50MP Rear Camera5500 mAh Battery1 Year,4.6
"Google Pixel 7 (Snow, 128 GB)","₹39,999",8 GB RAM | 128 GB ROM16.0 cm (6.3 inch) Full HD+ Display50MP + 12MP | 10.8MP Front Camera4270 mAh BatteryGoogle Tensor G2 ProcessorNA,4.3
"realme GT 6 (Fluid Silver, 512 GB)","₹44,999",16 GB RAM | 512 GB ROM17.22 cm (6.78 inch) Full HD+ Display50MP + 8MP + 50MP | 32MP Front Camera5500 mAh Battery8s Gen 3 Mobile Platform Processor1 Year Manufacturer Warranty for Device and 6 Months Manufacturer Warranty for Inbox Accessories,4.4
"realme GT 6 (Razor Green, 512 GB)","₹44,999",16 GB RAM | 512 GB ROM17.22 cm (6.78 inch) Full HD+ Display50MP + 8MP + 50MP | 32MP Front Camera5500 mAh Battery8s Gen 3 Mobile Platform Processor1 Year Manufacturer Warranty for Device and 6 Months Manufacturer Warranty for Inbox Accessories,4.4
"Apple iPhone 12 (Blue, 128 GB)","₹44,999","128 GB ROM15.49 cm (6.1 inch) Super Retina XDR Display12MP + 12MP | 12MP Front CameraA14 Bionic Chip with Next Generation Neural Engine ProcessorCeramic ShieldIndustry-leading IP68 Water ResistanceAll Screen OLED Display12MP TrueDepth Front Camera with Night Mode, 4K Dolby Vision HDR RecordingBrand Warranty for 1 Year",4.6
"realme GT 6 (Razor Green, 256 GB)","₹42,999",12 GB RAM | 256 GB ROM17.22 cm (6.78 inch) Full HD+ Display50MP + 8MP + 50MP | 32MP Front Camera5500 mAh Battery8s Gen 3 Mobile Platform Processor1 Year Manufacturer Warranty for Device and 6 Months Manufacturer Warranty for Inbox Accessories,4.3
"realme GT 6 (Fluid Silver, 256 GB)","₹42,999",12 GB RAM | 256 GB ROM17.22 cm (6.78 inch) Full HD+ Display50MP + 8MP + 50MP | 32MP Front Camera5500 mAh Battery8s Gen 3 Mobile Platform Processor1 Year Manufacturer Warranty for Device and 6 Months Manufacturer Warranty for Inbox Accessories,4.3
"realme GT 6 (Fluid Silver, 256 GB)","₹40,999",8 GB RAM | 256 GB ROM17.22 cm (6.78 inch) Full HD+ Display50MP + 8MP + 50MP | 32MP Front Camera5500 mAh Battery8s Gen 3 Mobile Platform Processor1 Year Manufacturer Warranty for Device and 6 Months Manufacturer Warranty for Inbox Accessories,4.4
"realme GT 6 (Razor Green, 256 GB)","₹40,999",8 GB RAM | 256 GB ROM17.22 cm (6.78 inch) Full HD+ Display50MP + 8MP + 50MP | 32MP Front Camera5500 mAh Battery8s Gen 3 Mobile Platform Processor1 Year Manufacturer Warranty for Device and 6 Months Manufacturer Warranty for Inbox Accessories,4.4
"Google Pixel 7 (Obsidian, 128 GB)","₹39,999",8 GB RAM | 128 GB ROM16.0 cm (6.3 inch) Full HD+ Display50MP + 12MP | 10.8MP Front Camera4270 mAh BatteryGoogle Tensor G2 Processor1 Year Domestic Warranty,4.3
"vivo V30 5G (Classic Black, 256 GB)","₹37,999",12 GB RAM | 256 GB ROM17.22 cm (6.78 inch) Full HD+ Display50MP + 50MP | 50MP Front Camera5000 mAh Battery7 Gen 3 Processor1 Year Manufacturer Warranty for Device and 6 Months Manufacturer Warranty for Inbox Accessories,4.5
"OnePlus 12R (Cool Blue, 256 GB)","₹39,282","8 GB RAM | 256 GB ROM17.22 cm (6.78 inch) Display50MP Rear Camera5500 mAh Battery1 Year Warranty
1 year manufacturer warranty for device and 1 year manufacturer warranty for in-box accessories including batteries from the date of purchase",4.5
"Xiaomi 14 CIVI (Matcha Green, 256 GB)","₹42,999",8 GB RAM | 256 GB ROM16.64 cm (6.55 inch) Display50MP Rear Camera | 32MP + 32MP Dual Front Camera4700 mAh Battery8s Gen 3 Mobile Platform Processor1 Year Manufacturer Warranty for Phone and 6 Months Warranty for In the Box Accessories,4.2
"SAMSUNG Galaxy S23 FE (Purple, 256 GB)","₹41,999",8 GB RAM | 256 GB ROM16.26 cm (6.4 inch) Full HD+ Display50MP + 12MP | 10MP Front Camera4500 mAh BatterySamsung Exynos 2200 Processor1 Year Manufacturer Warranty for Device and 6 Months for In-Box Accessories,4.3
"vivo V30 Pro 5G (Classic Black, 256 GB)","₹41,999",8 GB RAM | 256 GB ROM17.22 cm (6.78 inch) Full HD+ Display50MP + 50MP + 50MP | 50MP Front Camera5000 mAh BatteryDimensity 8200 5G Processor1 Year Manufacturer Warranty for Device and 6 Months Manufacturer Warranty for Inbox Accessories,4.5
"vivo V30 Pro 5G (Andaman Blue, 256 GB)","₹41,999",8 GB RAM | 256 GB ROM17.22 cm (6.78 inch) Full HD+ Display50MP + 50MP + 50MP | 50MP Front Camera5000 mAh BatteryDimensity 8200 5G Processor1 Year Manufacturer Warranty for Device and 6 Months Manufacturer Warranty for Inbox Accessories,4.5
"Xiaomi 14 CIVI (Cruise Blue, 256 GB)","₹42,999",8 GB RAM | 256 GB ROM16.64 cm (6.55 inch) Display50MP Rear Camera | 32MP + 32MP Dual Front Camera4700 mAh Battery8s Gen 3 Mobile Platform Processor1 Year Manufacturer Warranty for Phone and 6 Months Warranty for In the Box Accessories,4.2
"SAMSUNG Galaxy A73 5G (Awesome Gray, 128 GB)","₹41,999",8 GB RAM | 128 GB ROM | Expandable Upto 1 TB17.02 cm (6.7 inch) Full HD+ Display108MP + 12MP + 5MP + 5MP | 32MP Front Camera5000 mAh Li-ion BatteryQualcomm Snapdragon 778G Processor1 Year Manufacturer Warranty for Device and 6 Months Manufacturer Warranty for In-Box,4.2
"Xiaomi 14 CIVI (Shadow Black, 256 GB)","₹42,999",8 GB RAM | 256 GB ROM16.64 cm (6.55 inch) Display50MP Rear Camera | 32MP + 32MP Dual Front Camera4700 mAh Battery8s Gen 3 Mobile Platform Processor1 Year Manufacturer Warranty for Phone and 6 Months Warranty for In the Box Accessories,4.2
"SAMSUNG Galaxy A55 5G (Awesome Navy, 256 GB)","₹42,999",8 GB RAM | 256 GB ROM | Expandable Upto 1 TB16.76 cm (6.6 inch) Full HD+ Display50MP + 12MP + 5MP | 32MP Front Camera5000 mAh BatterySamsung Exynos 1480 Processor1 Year Manufacturer Warranty for Device and 6 Months for In-Box Accessories,4.5
"vivo V29 Pro 5G (Blue, 256 GB)","₹39,690",12 GB RAM | 256 GB ROM17.22 cm (6.78 inch) Full HD+ AMOLED Display50MP + 12MP + 8MP | 50MP Front Camera4600 mAh BatteryDimensity 8200 Processor1 Year Manufacturer Warranty for Phone and 6 Months Warranty for In the Box Accessories,4.5
"SAMSUNG Galaxy A55 5G (Awesome Iceblue, 256 GB)","₹42,999",8 GB RAM | 256 GB ROM | Expandable Upto 1 TB16.76 cm (6.6 inch) Full HD+ Display50MP + 12MP + 5MP | 32MP Front Camera5000 mAh BatterySamsung Exynos 1480 Processor1 Year Manufacturer Warranty for Device and 6 Months for In-Box Accessories,4.5
"vivo V29 Pro 5G (Black, 256 GB)","₹42,999",12 GB RAM | 256 GB ROM17.22 cm (6.78 inch) Full HD+ AMOLED Display50MP + 12MP + 8MP | 50MP Front Camera4600 mAh BatteryDimensity 8200 Processor1 Year Manufacturer Warranty for Phone and 6 Months Warranty for In the Box Accessories,4.5
"Tecno Phantom X2 Pro (Stardust Grey, 256 GB)","₹44,999",12 GB RAM | 256 GB ROM17.27 cm (6.8 inch) Full HD+ Display50MP + 50MP + 13MP | 32MP Front Camera5160 mAh BatteryMediaTek Dimensity 9000 MT6983 ProcessorDomestic Warranty of 12 Months on Phone & 6 Months on Accessories,4.1
"IQOO NEO9 PRO (Fiery Red, 256 GB)","₹44,999",12 GB RAM | 256 GB ROM17.22 cm (6.78 inch) Display50MP Rear Camera5160 mAh Battery1 Year,4.6
"Tecno Phantom X2 Pro (Mars Orange, 256 GB)","₹44,998",12 GB RAM | 256 GB ROM17.27 cm (6.8 inch) Full HD+ Display50MP + 50MP + 13MP | 32MP Front Camera5160 mAh BatteryMediaTek Dimensity 9000 MT6983 ProcessorDomestic Warranty of 12 Months on Phone & 6 Months on Accessories,4.1
"SAMSUNG Galaxy A55 5G (Awesome Iceblue, 128 GB)","₹39,800",8 GB RAM | 128 GB ROM | Expandable Upto 1 TB16.76 cm (6.6 inch) Full HD+ Display50MP + 12MP + 5MP | 32MP Front Camera5000 mAh BatterySamsung Exynos 1480 Processor1 Year Manufacturer Warranty for Device and 6 Months for In-Box Accessories,4.5
"vivo X70 Pro (Aurora Dawn, 256 GB)","₹44,990",12 GB RAM | 256 GB ROM16.66 cm (6.56 inch) Full HD+ Display50MP + 12MP + 12MP + 8MP | 32MP Front Camera4450 mAh BatteryMediaTek Dimensity 1200 Processor1 Year for Handset and 6 Months for In-box Accessories,4.4
"vivo V27 5G (Magic Blue, 256 GB)","₹36,999",12 GB RAM | 256 GB ROM17.22 cm (6.78 Inch) Full HD+ AMOLED Display50MP (OIS) + 8MP + 2MP | 50MP Front Camera4600 mAh BatteryMediatek Dimensity 7200 5G Processor1 Year Brand Warranty,4.4
"vivo X70 Pro (Cosmic Black, 256 GB)","₹44,990",12 GB RAM | 256 GB ROM16.66 cm (6.56 inch) Full HD+ Display50MP + 12MP + 12MP + 8MP | 32MP Front Camera4450 mAh BatteryMediaTek Dimensity 1200 Processor1 Year for Handset and 6 Months for In-box Accessories,4.4
"vivo X70 Pro (Aurora Dawn, 256 GB)","₹42,990",8 GB RAM | 256 GB ROM16.66 cm (6.56 inch) Full HD+ Display50MP + 12MP + 12MP + 8MP | 32MP Front Camera4450 mAh BatteryMediaTek Dimensity 1200 Processor1 Year for Handset and 6 Months for In-box Accessories,4.5
"Motorola Edge 30 Fusion (Cosmic grey, 128 GB)","₹42,999",8 GB RAM | 128 GB ROM16.64 cm (6.55 inch) Full HD+ Display50MP + 13MP + 2MP | 32MP Front Camera4400 mAh Lithium BatteryQualcomm Snapdragon 888 + Processor1 Year on Handset and 6 Months on Accessories,4.3
"SAMSUNG Galaxy A73 5G (Awesome Mint, 256 GB)","₹44,999",8 GB RAM | 256 GB ROM | Expandable Upto 1 TB17.02 cm (6.7 inch) Full HD+ Display108MP + 12MP + 5MP + 5MP | 32MP Front Camera5000 mAh Li-ion BatteryQualcomm Snapdragon 778G Processor1 Year Manufacturer Warranty for Device and 6 Months Manufacturer Warranty for In-Box,4.2
"realme GT NEO 3 (150W) (Asphalt Black, 256 GB)","₹42,999",12 GB RAM | 256 GB ROM17.02 cm (6.7 inch) Full HD+ Display50MP + 8MP + 2MP | 16MP Front Camera4500 mAh Lithium Ion BatteryMediatek Dimensity 8100 Processor1 Year Manufacturer Warranty for Phone and 6 Months Warranty for In-Box Accessories,4.3
"vivo V27 Pro 5G (Magic Blue, 256 GB)","₹42,999",12 GB RAM | 256 GB ROM17.22 cm (6.78 inch) Full HD+ Display50MP (OIS) + 8MP + 2MP | 50MP Front Camera4600 mAh BatteryMediatek Dimensity 8200 Processor1 Year Manufacturer Warranty for Phone and 6 Months Warranty for In the Box Accessories,4.4
"OPPO Reno8 Pro 5G (Glazed Black, 256 GB)","₹44,499",12 GB RAM | 256 GB ROM17.02 cm (6.7 inch) Full HD+ AMOLED Display50MP + 8MP + 2MP | 32MP Front Camera4500 mAh Lithium-ion Polymer BatteryMediatek Dimensity 8100 Max Processor1 Year Warranty for Phone and 6 Months Warranty for In-Box Accessories,4.4
"OPPO Reno8 Pro 5G (Glazed Green, 256 GB)","₹44,499",12 GB RAM | 256 GB ROM17.02 cm (6.7 inch) Full HD+ AMOLED Display50MP + 8MP + 2MP | 32MP Front Camera4500 mAh Lithium-ion Polymer BatteryMediatek Dimensity 8100 Max Processor1 Year Warranty for Phone and 6 Months Warranty for In-Box Accessories,4.4
"vivo V23 Pro 5G (Stardust Black, 256 GB)","₹43,990",12 GB RAM | 256 GB ROM16.66 cm (6.56 inch) Full HD+ Display108MP + 8MP + 2MP | 50MP + 8MP Dual Front Camera4300 mAh Lithium BatteryMediatek Dimensity 1200 Processor1 Year Manufacturer Warranty for Phone and 6 Months Warranty for In the Box Accessories,4.2
"realme X50 Pro (Rust Red, 128 GB)","₹41,999",8 GB RAM | 128 GB ROM16.36 cm (6.44 inch) Full HD+ Display64MP + 12MP + 8MP + 2MP | 32MP + 8MP Dual Front Camera4200 mAh Battery5G PhoneQualcomm Snapdragon 865 Processor65W Superdart ChargeBrand Warranty of 1 Year Available for Mobile and 6 Months for Accessories,4.4
"realme X50 Pro (Moss Green, 128 GB)","₹41,999",8 GB RAM | 128 GB ROM16.36 cm (6.44 inch) Full HD+ Display64MP + 12MP + 8MP + 2MP | 32MP + 8MP Dual Front Camera4200 mAh Battery5G PhoneQualcomm Snapdragon 865 Processor65W Superdart ChargeBrand Warranty of 1 Year Available for Mobile and 6 Months for Accessories,4.4
"SAMSUNG Galaxy A55 5G (Awesome Navy, 128 GB)","₹41,800",8 GB RAM | 128 GB ROM | Expandable Upto 1 TB16.76 cm (6.6 inch) Full HD+ Display50MP + 12MP + 5MP | 32MP Front Camera5000 mAh BatterySamsung Exynos 1480 Processor1 Year Manufacturer Warranty for Device and 6 Months for In-Box Accessories,4.5
"Motorola Edge 30 Fusion (Solar Gold, 128 GB)","₹42,999",8 GB RAM | 128 GB ROM16.64 cm (6.55 inch) Full HD+ Display50MP + 13MP + 2MP | 32MP Front Camera4400 mAh Lithium BatteryQualcomm Snapdragon 888 + Processor1 Year on Handset and 6 Months on Accessories,4.3
"Google Pixel 6a (Charcoal, 128 GB)","₹43,999",6 GB RAM | 128 GB ROM15.6 cm (6.14 inch) Full HD+ Display12.2MP + 12MP | 8MP Front Camera4410 mAh BatteryGoogle Tensor Processor1 Year Brand Warranty,4.3
"Google Pixel 6a (Chalk, 128 GB)","₹43,999",6 GB RAM | 128 GB ROM15.6 cm (6.14 inch) Full HD+ Display12.2MP + 12MP | 8MP Front Camera4410 mAh BatteryGoogle Tensor Processor1 Year Brand Warranty,4.3
"Apple iPhone 7 Plus (Gold, 128 GB)","₹42,900",128 GB ROM13.94 cm (5.488 inch) Retina HD Display12MP + 12MP | 7MP Front CameraApple A10 Fusion 64-bit processor and Embedded M10 Motion Co-processorBrand Warranty of 1 Year,4.5
"Motorola Edge 50 Pro 5G with 125W Charger (Black Beauty, 256 GB)","₹35,999",12 GB RAM | 256 GB ROM17.02 cm (6.7 inch) Display50MP + 13MP + 10MP | 50MP Front Camera4500 mAh Battery7 Gen 3 Mobile Platform Processor1 Year on Handset and 6 Months on Accessories,4.4
"Motorola Edge 50 Pro 5G with 125W Charger (Luxe Lavender, 256 GB)","₹35,999",12 GB RAM | 256 GB ROM17.02 cm (6.7 inch) Display50MP + 13MP + 10MP | 50MP Front Camera4500 mAh Battery7 Gen 3 Mobile Platform Processor1 Year on Handset and 6 Months on Accessories,4.4
"Nothing Phone (2) (Dark Grey, 512 GB)","₹39,999",12 GB RAM | 512 GB ROM17.02 cm (6.7 inch) Full HD+ Display50 MP(OIS) +50MP | 32MP Front Camera4700 mAh Lithium ion BatteryQualcomm Snapdragon 8+ Gen 1 ProcessorLTPO AMOLED (1 Hz - 120 Hz)1 Year Manufacturing Warranty,4.4
"Nothing Phone (2) (Dark Grey, 256 GB)","₹37,999",12 GB RAM | 256 GB ROM17.02 cm (6.7 inch) Full HD+ Display50 MP(OIS) +50MP | 32MP Front Camera4700 mAh Lithium ion BatteryQualcomm Snapdragon 8+ Gen 1 ProcessorLTPO AMOLED (1 Hz - 120 Hz)1 Year Manufacturing Warranty,4.4
"Nothing Phone (2) (White, 256 GB)","₹36,499",12 GB RAM | 256 GB ROM17.02 cm (6.7 inch) Full HD+ Display50 MP(OIS) +50MP | 32MP Front Camera4700 mAh Lithium ion BatteryQualcomm Snapdragon 8+ Gen 1 ProcessorLTPO AMOLED (1 Hz - 120 Hz)1 Year Manufacturing Warranty,4.4
"SAMSUNG Galaxy Z Flip3 5G (Cream, 128 GB)","₹38,999",8 GB RAM | 128 GB ROM17.02 cm (6.7 inch) Full HD+ Display12MP + 12MP | 10MP Front Camera3300 mAh Lithium-ion BatteryQualcomm Snapdragon 888 Octa-Core Processor1 Year Manufacturer Warranty for Device and 6 months Manufacturer Warranty for In-Box Accessories,4.3
"Google Pixel 7a (Coral, 128 GB)","₹35,999",8 GB RAM | 128 GB ROM15.49 cm (6.1 inch) Full HD+ Display64MP (OIS) + 13MP | 13MP Front Camera4300 mAh BatteryTensor G2 Processor1 Year Domestic Warranty,4.1
"Nothing Phone (2) (White, 512 GB)","₹39,999",12 GB RAM | 512 GB ROM17.02 cm (6.7 inch) Full HD+ Display50 MP(OIS) +50MP | 32MP Front Camera4700 mAh Lithium ion BatteryQualcomm Snapdragon 8+ Gen 1 ProcessorLTPO AMOLED (1 Hz - 120 Hz)1 Year Manufacturing Warranty,4.4
"SAMSUNG Galaxy S22 5G (Green, 128 GB)","₹36,999",8 GB RAM | 128 GB ROM15.49 cm (6.1 inch) Full HD+ Display50MP + 12MP + 10MP | 10MP Front Camera3700 mAh Lithium-ion BatterySnapdragon 8 Gen 1 Processor1 Year Manufacturer Warranty for Device and 6 Months Manufacturer Warranty for In-Box Accessories,4.4
"Google Pixel 7 (Snow, 128 GB)","₹39,999",8 GB RAM | 128 GB ROM16.0 cm (6.3 inch) Full HD+ Display50MP + 12MP | 10.8MP Front Camera4270 mAh BatteryGoogle Tensor G2 ProcessorNA,4.3
"Google Pixel 7 (Lemongrass, 128 GB)","₹39,999",8 GB RAM | 128 GB ROM16.0 cm (6.3 inch) Full HD+ Display50MP + 12MP | 10.8MP Front Camera4270 mAh BatteryGoogle Tensor G2 Processor1 Year warranty,4.3
"Google Pixel 7 (Obsidian, 128 GB)","₹39,999",8 GB RAM | 128 GB ROM16.0 cm (6.3 inch) Full HD+ Display50MP + 12MP | 10.8MP Front Camera4270 mAh BatteryGoogle Tensor G2 Processor1 Year Domestic Warranty,4.3
"vivo V30 5G (Classic Black, 256 GB)","₹37,999",12 GB RAM | 256 GB ROM17.22 cm (6.78 inch) Full HD+ Display50MP + 50MP | 50MP Front Camera5000 mAh Battery7 Gen 3 Processor1 Year Manufacturer Warranty for Device and 6 Months Manufacturer Warranty for Inbox Accessories,4.5
"vivo V30 5G (Classic Black, 256 GB)","₹35,999",8 GB RAM | 256 GB ROM17.22 cm (6.78 inch) Full HD+ Display50MP + 50MP | 50MP Front Camera5000 mAh Battery7 Gen 3 Processor1 Year Manufacturer Warranty for Device and 6 Months Manufacturer Warranty for Inbox Accessories,4.5
"vivo V30 5G (Peacock Green, 256 GB)","₹37,999",12 GB RAM | 256 GB ROM17.22 cm (6.78 inch) Full HD+ Display50MP + 50MP | 50MP Front Camera5000 mAh Battery7 Gen 3 Processor1 Year Manufacturer Warranty for Device and 6 Months Manufacturer Warranty for Inbox Accessories,4.5
"vivo V30 5G (Andaman Blue, 256 GB)","₹35,999",8 GB RAM | 256 GB ROM17.22 cm (6.78 inch) Full HD+ Display50MP + 50MP | 50MP Front Camera5000 mAh Battery7 Gen 3 Processor1 Year Manufacturer Warranty for Device and 6 Months Manufacturer Warranty for Inbox Accessories,4.5
"vivo V30 5G (Peacock Green, 256 GB)","₹35,999",8 GB RAM | 256 GB ROM17.22 cm (6.78 inch) Full HD+ Display50MP + 50MP | 50MP Front Camera5000 mAh Battery7 Gen 3 Processor1 Year Manufacturer Warranty for Device and 6 Months Manufacturer Warranty for Inbox Accessories,4.5
"OPPO Reno11 Pro 5G (Pearl White, 256 GB)","₹37,999",12 GB RAM | 256 GB ROM17.02 cm (6.7 inch) Full HD+ Display50MP + 8MP + 32MP | 32MP Front Camera4600 mAh BatteryMediatek Dimensity 8200 Processor1 Year Manufacturer Warranty for Device and 6 Months Manufacturer Warranty for Inbox Accessories,4.4
"OPPO Reno11 Pro 5G (Rock Grey, 256 GB)","₹37,999",12 GB RAM | 256 GB ROM17.02 cm (6.7 inch) Full HD+ Display50MP + 8MP + 32MP | 32MP Front Camera4600 mAh BatteryMediatek Dimensity 8200 Processor1 Year Manufacturer Warranty for Device and 6 Months Manufacturer Warranty for Inbox Accessories,4.4
"Apple iPhone 12 (Blue, 64 GB)","₹39,999","64 GB ROM15.49 cm (6.1 inch) Super Retina XDR Display12MP + 12MP | 12MP Front CameraA14 Bionic Chip with Next Generation Neural Engine ProcessorCeramic ShieldIndustry-leading IP68 Water ResistanceAll Screen OLED Display12MP TrueDepth Front Camera with Night Mode, 4K Dolby Vision HDR RecordingBrand Warranty for 1 Year",4.6
"Apple iPhone 11 (Black, 128 GB) (Includes EarPods, Power Adapter)","₹39,999",128 GB ROM15.49 cm (6.1 inch) Liquid Retina HD Display12MP + 12MP | 12MP Front CameraA13 Bionic Chip ProcessorBrand Warranty for 1 Year,4.6
"IQOO neo 7 pro (Fearless Flame, 128 GB)","₹32,877",8 GB RAM | 128 GB ROM17.2 cm (6.77 inch) Display50MP Rear Camera5000 mAh Battery1 year,4.5
"SAMSUNG Galaxy A54 5G (Awesome Graphite, 256 GB)","₹37,499","8 GB RAM | 256 GB ROM | Expandable Upto 1 TB16.26 cm (6.4 inch) Full HD+ Display50MP + 12MP + 5MP | 32MP Front Camera5000 mAh BatteryExynos 1380, Octa Core Processor1 Year Manufacturer Warranty for Device and 6 Months Manufacturer Warranty for In-Box Accessories",4.3
"vivo V30 5G (Andaman Blue, 256 GB)","₹37,999",12 GB RAM | 256 GB ROM17.22 cm (6.78 inch) Full HD+ Display50MP + 50MP | 50MP Front Camera5000 mAh Battery7 Gen 3 Processor1 Year Manufacturer Warranty for Device and 6 Months Manufacturer Warranty for Inbox Accessories,4.5
"vivo V29 Pro 5G (Black, 256 GB)","₹39,999",8 GB RAM | 256 GB ROM17.22 cm (6.78 inch) Full HD+ AMOLED Display50MP + 12MP + 8MP | 50MP Front Camera4600 mAh BatteryDimensity 8200 Processor1 Year Manufacturer Warranty for Phone and 6 Months Warranty for In the Box Accessories,4.5
"vivo V29 Pro 5G (Blue, 256 GB)","₹39,999",8 GB RAM | 256 GB ROM17.22 cm (6.78 inch) Full HD+ AMOLED Display50MP + 12MP + 8MP | 50MP Front Camera4600 mAh BatteryDimensity 8200 Processor1 Year Manufacturer Warranty for Phone and 6 Months Warranty for In the Box Accessories,4.5
"vivo V29 Pro 5G (Black, 256 GB)","₹39,999",8 GB RAM | 256 GB ROM17.22 cm (6.78 inch) Full HD+ AMOLED Display50MP + 12MP + 8MP | 50MP Front Camera4600 mAh BatteryDimensity 8200 Processor1 Year Manufacturer Warranty for Phone and 6 Months Warranty for In the Box Accessories,4.5
"Apple iPhone 12 (White, 64 GB)","₹39,999","64 GB ROM15.49 cm (6.1 inch) Super Retina XDR Display12MP + 12MP | 12MP Front CameraA14 Bionic Chip with Next Generation Neural Engine ProcessorCeramic ShieldIndustry-leading IP68 Water ResistanceAll Screen OLED Display12MP TrueDepth Front Camera with Night Mode, 4K Dolby Vision HDR RecordingBrand Warranty for 1 Year",4.6
"IQOO Neo 7 5G (Interstellar Black, 256 GB)","₹38,999",12 GB RAM | 256 GB ROM17.22 cm (6.78 inch) Display64MP Rear Camera5000 mAh Battery12 Months Domestic Warranty,4.4
"vivo X21 (Black, 128 GB)","₹36,990",6 GB RAM | 128 GB ROM | Expandable Upto 256 GB15.95 cm (6.28 inch) Full HD+ Display12MP + 5MP | 12MP Front Camera3200 mAh Li-ion BatteryQualcomm Snapdragon 660 AIE ProcessorBrand Warranty of 1 Year Available for Mobile and 6 Months for Accessories,4.3
"vivo V29 5G (Blue, 256 GB)","₹36,999",12 GB RAM | 256 GB ROM17.22 cm (6.78 inch) Full HD+ AMOLED Display50MP + 8MP + 2MP | 50MP Front Camera4600 mAh Battery778G Processor1 Year Manufacturer Warranty for Phone and 6 Months Warranty for In the Box Accessories,4.5
"vivo V29 5G (Red, 256 GB)","₹36,999",12 GB RAM | 256 GB ROM17.22 cm (6.78 inch) Full HD+ AMOLED Display50MP + 8MP + 2MP | 50MP Front Camera4600 mAh Battery778G Processor1 Year Manufacturer Warranty for Phone and 6 Months Warranty for In the Box Accessories,4.5
"vivo V29 5G (Black, 256 GB)","₹36,999",12 GB RAM | 256 GB ROM17.22 cm (6.78 inch) Full HD+ AMOLED Display50MP + 8MP + 2MP | 50MP Front Camera4600 mAh Battery778G Processor1 Year Manufacturer Warranty for Phone and 6 Months Warranty for In the Box Accessories,4.5
"OPPO Reno10 5G (Ice Blue, 256 GB)","₹32,499",8 GB RAM | 256 GB ROM17.02 cm (6.7 inch) Full HD+ Display64MP + 32MP + 8MP | 32MP Front Camera5000 mAh BatteryMediatek Dimensity 7050 Processor1 Year Manufacturer Warranty for Phone and 6 Months Warranty for In the Box Accessories,4.3
"SAMSUNG Galaxy A54 5G (Awesome Violet, 128 GB)","₹35,499","8 GB RAM | 128 GB ROM | Expandable Upto 1 TB16.26 cm (6.4 inch) Full HD+ Display50MP + 12MP + 5MP | 32MP Front Camera5000 mAh BatteryExynos 1380, Octa Core Processor1 Year Manufacturer Warranty for Device and 6 Months Manufacturer Warranty for In-Box Accessories",4.3
"vivo V25 Pro 5G (Sailing Blue, 128 GB)","₹35,999",8 GB RAM | 128 GB ROM16.66 cm (6.56 inch) Full HD+ Display64MP + 8MP + 2MP | 32MP Front Camera4830 mAh Lithium BatteryMediatek Dimensity 1300 ProcessorColor Changing Fluorite AG Glass Design120 Hz 3D Curve Display1 Year on Handset and 6 Months on Accessories,4.3
"vivo V25 Pro 5G (Pure Black, 128 GB)","₹35,999",8 GB RAM | 128 GB ROM16.66 cm (6.56 inch) Full HD+ Display64MP + 8MP + 2MP | 32MP Front Camera4830 mAh Lithium BatteryMediatek Dimensity 1300 ProcessorColor Changing Fluorite AG Glass Design120 Hz 3D Curve Display1 Year on Handset and 6 Months on Accessories,4.3
"SAMSUNG Galaxy S21 FE 5G (Graphite, 128 GB)","₹39,999",8 GB RAM | 128 GB ROM16.26 cm (6.4 inch) Full HD+ Display12MP + 12MP + 8MP (OIS) | 32MP Front Camera4500 mAh Lithium-ion Battery1 Year Manufacturer Warranty for Device and 6 Months Manufacturer Warranty for In-Box Accessories,4.3
"SAMSUNG Galaxy S21 FE 5G (Olive Green, 128 GB)","₹39,999",8 GB RAM | 128 GB ROM16.26 cm (6.4 inch) Full HD+ Display12MP + 12MP + 8MP (OIS) | 32MP Front Camera4500 mAh Lithium-ion Battery1 Year Manufacturer Warranty for Device and 6 Months Manufacturer Warranty for In-Box Accessories,4.3
"Apple iPhone 11 (White, 128 GB)","₹39,999",128 GB ROM15.49 cm (6.1 inch) Liquid Retina HD Display12MP + 12MP | 12MP Front CameraA13 Bionic Chip ProcessorBrand Warranty of 1 Year,4.6
"vivo X70 Pro (Aurora Dawn, 128 GB)","₹36,999",8 GB RAM | 128 GB ROM16.66 cm (6.56 inch) Full HD+ Display50MP + 12MP + 12MP + 8MP | 32MP Front Camera4450 mAh BatteryMediaTek Dimensity 1200 Processor1 Year for Handset and 6 Months for In-box Accessories,4.5
"Mi 10T (Cosmic Black, 128 GB)","₹35,999",6 GB RAM | 128 GB ROM16.94 cm (6.67 inch) Full HD+ Display64MP + 13MP + 5MP | 20MP Front Camera5000 mAh Li-ion Polymer BatteryQualcomm Snapdragon 865 Processor144Hz Intelligent AdaptiveSync Display33W Dual Split Flash Charge1 Year Manufacturer Warranty for Device and 6 Months Manufacturer Warranty for In-box Accessories,4.2
"REDMI Note 13 Pro+ 5G (World Champions Edition, 512 GB)","₹37,999",12 GB RAM | 512 GB ROM16.94 cm (6.67 inch) Display200MP (OIS) + 8MP + 2MP | 16MP Front Camera5000 mAh BatteryDimensity 7200 Ultra 5G Processor1 Year Manufacturer Warranty for Phone and 6 Months Warranty for In the Box Accessories,4.2
"vivo X70 Pro (Cosmic Black, 128 GB)","₹38,999",8 GB RAM | 128 GB ROM16.66 cm (6.56 inch) Full HD+ Display50MP + 12MP + 12MP + 8MP | 32MP Front Camera4450 mAh BatteryMediaTek Dimensity 1200 Processor1 Year for Handset and 6 Months for In-box Accessories,4.5
"SAMSUNG Galaxy A54 5G (Awesome Violet, 256 GB)","₹37,499","8 GB RAM | 256 GB ROM | Expandable Upto 1 TB16.26 cm (6.4 inch) Full HD+ Display50MP + 12MP + 5MP | 32MP Front Camera5000 mAh BatteryExynos 1380, Octa Core Processor1 Year Manufacturer Warranty for Device and 6 Months Manufacturer Warranty for In-Box Accessories",4.3
"Mi 10T (Cosmic Black, 128 GB)","₹37,999",8 GB RAM | 128 GB ROM16.94 cm (6.67 inch) Full HD+ Display64MP + 13MP + 5MP | 20MP Front Camera5000 mAh Li-ion Polymer BatteryQualcomm Snapdragon 865 Processor144Hz Intelligent AdaptiveSync Display33W Dual Split Flash Charge1 Year Manufacturer Warranty for Device and 6 Months Manufacturer Warranty for In-box Accessories,4.1
"IQOO NEO9 PRO (Fiery Red, 128 GB)","₹39,490",8 GB RAM | 128 GB ROM17.22 cm (6.78 inch) Display50MP Rear Camera5160 mAh Battery1 Year,4.5
"OnePlus 10T 5G (Jade Green, 128 GB)","₹38,999","8 GB RAM | 128 GB ROM17.02 cm (6.7 inch) Display50MP Rear Camera4800 mAh Battery1 year on phone, 6 months on accessories",4.3
"Tecno Camon 30 Premier 5G (Snowy Silver, 512 GB)","₹39,999",12 GB RAM | 512 GB ROM17.2 cm (6.77 inch) Full HD+ Display50MP + 50MP | 50MP Front Camera5000 mAh BatteryMediatek Dimensity 8200 Ultimate Processor1 year manufacturer Warranty,4.4
"vivo V27 5G (Magic Blue, 256 GB)","₹36,999",12 GB RAM | 256 GB ROM17.22 cm (6.78 Inch) Full HD+ AMOLED Display50MP (OIS) + 8MP + 2MP | 50MP Front Camera4600 mAh BatteryMediatek Dimensity 7200 5G Processor1 Year Brand Warranty,4.3
"OnePlus 9RT 5G (Hacker Black, 128 GB)","₹39,899",8 GB RAM | 128 GB ROM16.81 cm (6.62 inch) Display50MP Rear Camera4500 mAh Battery12 months,4
"Tecno Phantom X2 (Moonlight Silver, 256 GB)","₹36,999",8 GB RAM | 256 GB ROM17.27 cm (6.8 inch) Display64MP Rear Camera5160 mAh Battery12 months on smart phone & 6 months on accessories in the box domestic warranty,4.1
"Mi 10T (Cosmic Black, 128 GB)","₹37,999",8 GB RAM | 128 GB ROM16.94 cm (6.67 inch) Full HD+ Display64MP + 13MP + 5MP | 20MP Front Camera5000 mAh Li-ion Polymer BatteryQualcomm Snapdragon 865 Processor144Hz Intelligent AdaptiveSync Display33W Dual Split Flash Charge1 Year Manufacturer Warranty for Device and 6 Months Manufacturer Warranty for In-box Accessories,4.4
"vivo V27 Pro 5G (Magic Blue, 256 GB)","₹39,999",8 GB RAM | 256 GB ROM17.22 cm (6.78 inch) Full HD+ Display50MP (OIS) + 8MP + 2MP | 50MP Front Camera4600 mAh BatteryMediatek Dimensity 8200 Processor1 Year Manufacturer Warranty for Phone and 6 Months Warranty for In the Box Accessories,4.4
"vivo V27 Pro 5G (Noble Black, 128 GB)","₹37,999",8 GB RAM | 128 GB ROM17.22 cm (6.78 inch) Full HD+ Display50MP (OIS) + 8MP + 2MP | 50MP Front Camera4600 mAh BatteryMediatek Dimensity 8200 Processor1 Year Manufacturer Warranty for Phone and 6 Months Warranty for In the Box Accessories,4.4
"vivo V27 Pro 5G (Magic Blue, 128 GB)","₹37,999",8 GB RAM | 128 GB ROM17.22 cm (6.78 inch) Full HD+ Display50MP (OIS) + 8MP + 2MP | 50MP Front Camera4600 mAh BatteryMediatek Dimensity 8200 Processor1 Year Manufacturer Warranty for Phone and 6 Months Warranty for In the Box Accessories,3.8
"Lenovo Z6 Pro (Black, 128 GB)","₹39,999",8 GB RAM | 128 GB ROM | Expandable Upto 512 GB16.23 cm (6.39 inch) Full HD+ Display48MP + 2MP + 16MP + 8MP | 32MP Front Camera4000 mAh Li-polymer BatteryQualcomm SDM855 ProcessorBrand Warranty of 1 Year Available for Mobile and 6 Months for Accessories,4.3
"vivo V23 Pro 5G (Stardust Black, 128 GB)","₹38,990",8 GB RAM | 128 GB ROM | Expandable Upto 12 GB16.66 cm (6.56 inch) Full HD+ Display108MP + 8MP + 2MP | 50MP + 8MP Dual Front Camera4300 mAh Lithium BatteryMediatek Dimensity 1200 Processor1 Year Manufacturer Warranty for Phone and 6 Months Warranty for In the Box Accessories,4.4
"vivo V27 5G (Magic Blue, 128 GB)","₹32,999",8 GB RAM | 128 GB ROM17.22 cm (6.78 Inch) Full HD+ AMOLED Display50MP (OIS) + 8MP + 2MP | 50MP Front Camera4600 mAh BatteryMediatek Dimensity 7200 5G Processor1 Year Brand Warranty,4.1
"OnePlus 9 Pro 5G (Stellar Black, 128 GB)","₹39,990",8 GB RAM | 128 GB ROM17.02 cm (6.7 inch) Display48MP Rear Camera4500 mAh Battery1 Year Warranty,4.2
"OPPO Reno7 5G (Starry Black, 256 GB)","₹37,990",8 GB RAM | 256 GB ROM | Expandable Upto 1 TB16.33 cm (6.43 inch) Full HD Display64MP + 8MP + 2MP | 32MP Front Camera4500 mAh Lithium-ion Polymer BatteryMediatek Dimensity 900 Processor1 Year Warranty for Phone and 6 Months Warranty for In-Box Accessories,4.2
"OPPO Reno7 5G (Startrails Blue, 256 GB)","₹37,990",8 GB RAM | 256 GB ROM | Expandable Upto 1 TB16.33 cm (6.43 inch) Full HD Display64MP + 8MP + 2MP | 32MP Front Camera4500 mAh Lithium-ion Polymer BatteryMediatek Dimensity 900 Processor1 Year Warranty for Phone and 6 Months Warranty for In-Box Accessories,4.4
"OPPO Reno3 Pro (Midnight Black, 256 GB)","₹35,990",8 GB RAM | 256 GB ROM | Expandable Upto 256 GB16.26 cm (6.4 inch) Display64MP + 13MP + 8MP + 2MP | 44MP + 2MP Dual Front Camera4025 mAh BatteryMediaTek Helio P95 ProcessorUltra Steady Video 2.0 and Video BokehWorld's 1st 44MP Dual Punch Hole CameraBrand Warranty of 1 Year Available for Mobile and 6 Months for Accessories,4.4
"OPPO Reno5 Pro 5G (Starry Black, 128 GB)","₹38,990",8 GB RAM | 128 GB ROM16.64 cm (6.55 inch) Full HD+ Display64MP + 8MP + 2MP + 2MP | 32MP Front Camera4350 mAh Lithium-ion Polymer BatteryMediaTek Dimensity 1000+ (MT6889) Processor65W Super VOOC 2.0 Charging | ColorOS 11.1 (Based on Android 11)3D Borderless Sense Screen | AI Highlight Video (Ultra Night Video + Live HDR) | Super AMOLED DisplayBrand Warranty of 1 Year Available for Mobile Including Battery and 6 Months for Accessories,4.4
"OPPO Reno5 Pro 5G (Astral Blue, 128 GB)","₹38,990",8 GB RAM | 128 GB ROM16.64 cm (6.55 inch) Full HD+ Display64MP + 8MP + 2MP + 2MP | 32MP Front Camera4350 mAh Lithium-ion Polymer BatteryMediaTek Dimensity 1000+ (MT6889) Processor65W Super VOOC 2.0 Charging | ColorOS 11.1 (Based on Android 11)3D Borderless Sense Screen | AI Highlight Video (Ultra Night Video + Live HDR) | Super AMOLED DisplayBrand Warranty of 1 Year Available for Mobile Including Battery and 6 Months for Accessories,4.3
"POCO F3 GT 5G (Predator Black, 256 GB)","₹36,999","8 GB RAM | 256 GB ROM16.94 cm (6.67 inch) Full HD+ Display64MP + 8MP + 2MP | 16MP Front Camera5065 mAh Lithium-ion Polymer BatteryMediaTek Dimensity 1200 ProcessorMultiple Hands-free Voice Assistant1 Year Warranty for Handset, 6 Months for Accessories",4.5
"Huawei P9 (Mystic Silver, 32 GB)","₹39,999",3 GB RAM | 32 GB ROM | Expandable Upto 128 GB13.21 cm (5.2 inch) Full HD Display12MP + 12MP | 8MP Front Camera3000 mAh BatteryHUAWEI Kirin 955 ARM Cortex-A72 64-bit + ARM Cortex-A53 64-bit ProcessorBrand Warranty of 1 Year Available for Mobile and 6 Months for Accessories,4.3
"Nothing Phone (1) (White, 256 GB)","₹35,999","12 GB RAM | 256 GB ROM16.64 cm (6.55 inch) Full HD+ Display50MP + 50MP | 16MP Front Camera4500 mAh Lithium-ion BatteryQualcomm Snapdragon 778G+ ProcessorMeet the Glyph Interface. A New Way to Communicate1 Billion Colours, True-to-Life Full HD Flexible OLED Display with HDR10+ for Richer Colour and Deeper Contrasts.1 Year Warranty",4.2
"realme GT Neo 3 (Sprint White, 256 GB)","₹38,999",8 GB RAM | 256 GB ROM17.02 cm (6.7 inch) Full HD+ Display50MP + 8MP + 2MP | 16MP Front Camera5000 mAh Lithium Ion BatteryMediatek Dimensity 8100 Processor1 Year Manufacturer Warranty for Phone and 6 Months Warranty for In-Box Accessories,4.2
"realme GT Neo 3 (Asphalt Black, 128 GB)","₹36,999",8 GB RAM | 128 GB ROM17.02 cm (6.7 inch) Full HD+ Display50MP + 8MP + 2MP | 16MP Front Camera5000 mAh Lithium Ion BatteryMediatek Dimensity 8100 Processor1 Year Manufacturer Warranty for Phone and 6 Months Warranty for In-Box Accessories,4
"Infinix Zero Ultra (Genesis Noir, 256 GB)","₹36,999",8 GB RAM | 256 GB ROM17.27 cm (6.8 inch) Full HD+ Display200MP + 13MP + 2MP | 32MP Front Camera4500 mAh Lithium-ion Polymer BatteryMediatek Dimensity 920 Processor1 Year on Handset and 6 Months on Accessories,4.2
"realme GT Neo 3 (Nitro Blue, 128 GB)","₹36,999",8 GB RAM | 128 GB ROM17.02 cm (6.7 inch) Full HD+ Display50MP + 8MP + 2MP | 16MP Front Camera5000 mAh Lithium Ion BatteryMediatek Dimensity 8100 Processor1 Year Manufacturer Warranty for Phone and 6 Months Warranty for In-Box Accessories,4.2
"realme GT Neo 3 (Asphalt Black, 256 GB)","₹38,999",8 GB RAM | 256 GB ROM17.02 cm (6.7 inch) Full HD+ Display50MP + 8MP + 2MP | 16MP Front Camera5000 mAh Lithium Ion BatteryMediatek Dimensity 8100 Processor1 Year Manufacturer Warranty for Phone and 6 Months Warranty for In-Box Accessories,4.3
"ASUS 6Z (Black, 64 GB)","₹35,999",6 GB RAM | 64 GB ROM | Expandable Upto 2 TB16.23 cm (6.39 inch) Full HD+ Display48MP + 13MP | 48MP + 13MP Dual Front Camera5000 mAh BatteryQualcomm SD 855 ProcessorFlip CameraBrand Warranty of 1 Year Available for Mobile and 6 Months for Accessories,4.3
"ASUS 6Z (Black, 64 GB)","₹35,999",6 GB RAM | 64 GB ROM | Expandable Upto 2 TB16.23 cm (6.39 inch) Full HD+ Display48MP + 13MP | 48MP + 13MP Dual Front Camera5000 mAh BatteryQualcomm SD 855 ProcessorFlip CameraBrand Warranty of 1 Year Available for Mobile and 6 Months for Accessories,4.3
"OnePlus 10R (Sierra Black, 128 GB)","₹38,499",8 GB RAM | 128 GB ROM17.02 cm (6.7 inch) Display50MP Rear Camera5000 mAh Battery1 Year Manufacturer Warranty for Handset and 6 Months Warranty for In the Box Accessories,4.6
"realme X2 Pro (Neptune Blue, 256 GB)","₹35,999",12 GB RAM | 256 GB ROM16.51 cm (6.5 inch) Full HD+ Display64MP + 13MP + 8MP + 2MP | 16MP Front Camera4000 mAh BatteryQualcomm Snapdragon 855 Plus Processor90 Hz Ultra Smooth Display50W Super Vooc Flash Charge20X Hybrid ZoomBrand Warranty of 1 Year Available for Mobile and 6 Months for Accessories,4.5
"IQOO 3 (Quantum Silver, 128 GB)","₹37,990","8 GB RAM | 128 GB ROM16.36 cm (6.44 inch) Full HD+ Display48MP + 13MP + 13MP + 2MP | 16MP Front Camera4440 mAh Li-ion BatteryQualcomm Snapdragon 865 ProcessorIn-Display Fingerprint Sensor, Monster Touch Buttons55 W Super Flash ChargeSuper AMOLED DisplayBrand Warranty of 1 Year Available for Mobile and Accessories",4.5
"Apple iPhone 8 (Gold, 64 GB)","₹39,900","64 GB ROM11.94 cm (4.7 inch) Retina HD Display12MP Rear Camera | 7MP Front CameraA11 Bionic Chip with 64-bit Architecture, Neural Engine, Embedded M11 Motion Coprocessor ProcessoriOS 13 CompatibleBrand Warranty of 1 Year",4.6
"realme GT 6T 5G (Fluid Silver, 256 GB)","₹35,990",12 GB RAM | 256 GB ROM17.22 cm (6.78 inch) Display50MP Rear Camera5500 mAh Battery1 Year,4.4
"OPPO Reno6 5G (Aurora, 128 GB)","₹35,990",8 GB RAM | 128 GB ROM16.33 cm (6.43 inch) Full HD+ Display64MP + 8MP + 2MP | 32MP Front Camera4300 mAh Lithium-ion Polymer BatteryMediaTek Dimensity 900 Processor65W SuperVOOC 2.0 Charging90Hz AMOLED DisplayBokeh Flare Portrait Video | OPPO Reno Glow 2.0 | Ultra-slim Retro DesignBrand Warranty of 1 Year Available for Mobile Including Battery and 6 Months for Accessories,4.4
"OPPO Reno6 5G (Stellar Black, 128 GB)","₹37,499",8 GB RAM | 128 GB ROM16.33 cm (6.43 inch) Full HD+ Display64MP + 8MP + 2MP | 32MP Front Camera4300 mAh Lithium-ion Polymer BatteryMediaTek Dimensity 900 Processor65W SuperVOOC 2.0 Charging90Hz AMOLED DisplayBokeh Flare Portrait Video | OPPO Reno Glow 2.0 | Ultra-slim Retro DesignBrand Warranty of 1 Year Available for Mobile Including Battery and 6 Months for Accessories,4.3
"OPPO Reno10 Pro 5G (Glossy Purple, 256 GB)","₹37,999",12 GB RAM | 256 GB ROM17.02 cm (6.7 inch) Full HD+ Display50MP + 32MP + 8MP | 32MP Front Camera4600 mAh BatterySnapdragon 778G 5G Processor1 Year Manufacturer Warranty for Phone and 6 Months Warranty for In the Box Accessories,4.3
"OPPO Reno10 Pro 5G (Silvery Grey, 256 GB)","₹39,999",12 GB RAM | 256 GB ROM17.02 cm (6.7 inch) Full HD+ Display50MP + 32MP + 8MP | 32MP Front Camera4600 mAh BatterySnapdragon 778G 5G Processor1 Year Manufacturer Warranty for Phone and 6 Months Warranty for In the Box Accessories,4
"Mi 11X Pro 5G (Cosmic Black, 256 GB)","₹11,999",8 GB RAM | 256 GB ROM16.94 cm (6.67 inch) Full HD+ Display108MP + 8MP + 5MP | 20MP Front Camera4520 mAh BatteryQualcomm Snapdragon 888 Processor1 Year Manufacturer Warranty for Device and 6 Months Manufacturer Warranty for In-box Accessories,4.2
"Motorola G34 5G (Ocean Green, 128 GB)","₹11,999",8 GB RAM | 128 GB ROM16.51 cm (6.5 inch) HD+ Display50MP + 2MP | 16MP Front Camera5000 mAh BatterySnapdragon 695 5G ProcessorVegan Leather Design1 Year on Handset and 6 Months on Accessories,4.2
"Motorola G34 5G (Charcoal Black, 128 GB)","₹7,699",8 GB RAM | 128 GB ROM16.51 cm (6.5 inch) HD+ Display50MP + 2MP | 16MP Front Camera5000 mAh BatterySnapdragon 695 5G Processor1 Year on Handset and 6 Months on Accessories,4.3
"REDMI 13C (Stardust Black, 128 GB)","₹11,999",4 GB RAM | 128 GB ROM | Expandable Upto 1 TB17.12 cm (6.74 inch) HD+ Display50MP Rear Camera | 8MP Front Camera5000 mAh BatteryHelio G85 Processor1 Year Manufacturer Warranty for Phone and 6 Months Warranty for In the Box Accessories,4.2
"Motorola G34 5G (Ice Blue, 128 GB)","₹7,699",8 GB RAM | 128 GB ROM16.51 cm (6.5 inch) HD+ Display50MP + 2MP | 16MP Front Camera5000 mAh BatterySnapdragon 695 5G Processor1 Year on Handset and 6 Months on Accessories,4.3
"REDMI 13C (Starshine Green, 128 GB)","₹9,999",4 GB RAM | 128 GB ROM | Expandable Upto 1 TB17.12 cm (6.74 inch) HD+ Display50MP Rear Camera | 8MP Front Camera5000 mAh BatteryHelio G85 Processor1 Year Manufacturer Warranty for Phone and 6 Months Warranty for In the Box Accessories,4.2
"POCO M6 Pro 5G (Power Black, 128 GB)","₹6,999",6 GB RAM | 128 GB ROM | Expandable Upto 1 TB17.25 cm (6.79 inch) Full HD+ Display50MP + 2MP | 8MP Front Camera5000 mAh BatterySnapdragon 4 Gen 2 Processor1 Year Manufacturer Warranty for Phone and 6 Months Warranty for In the Box Accessories,4.2
"Motorola g04s (Satin Blue, 64 GB)","₹7,699",4 GB RAM | 64 GB ROM | Expandable Upto 1 TB16.76 cm (6.6 inch) HD+ Display50MP Rear Camera | 5MP Front Camera5000 mAh BatteryT606 Processor1 Year on Handset and 6 Months on Accessories,4.3
"REDMI 13C (Starfrost White, 128 GB)","₹1,179",4 GB RAM | 128 GB ROM | Expandable Upto 1 TB17.12 cm (6.74 inch) HD+ Display50MP Rear Camera | 8MP Front Camera5000 mAh BatteryHelio G85 Processor1 Year Manufacturer Warranty for Phone and 6 Months Warranty for In the Box Accessories,4.1
"Nokia 105 Single SIM, Keypad Mobile Phone with Wireless FM Radio","₹11,499",32 MB RAM | 32 MB ROM4.5 cm (1.77 inch) Display0MP | 0MP Front Camera1000 mAh BatterySC6531E Processor1 Year Replacement Warranty for Device and 6 Months Manufacturer Warranty for Inbox Accessories Including Battery from the Date of Purchase,4.5
"vivo T3 Lite 5G (Majestic Black, 128 GB)","₹11,499",6 GB RAM | 128 GB ROM | Expandable Upto 1 TB16.66 cm (6.56 inch) Display50MP + 2MP | 8MP Front Camera5000 mAh BatteryDimensity 6300 Processor1 Year Manufacturer Warranty for Device and 6 Months Manufacturer Warranty for Inbox Accessories,4.5
"vivo T3 Lite 5G (Vibrant Green, 128 GB)","₹70,999",6 GB RAM | 128 GB ROM | Expandable Upto 1 TB16.66 cm (6.56 inch) Display50MP + 2MP | 8MP Front Camera5000 mAh BatteryDimensity 6300 Processor1 Year Manufacturer Warranty for Device and 6 Months Manufacturer Warranty for Inbox Accessories,4.6
"Apple iPhone 15 (Pink, 128 GB)","₹70,999","128 GB ROM15.49 cm (6.1 inch) Super Retina XDR Display48MP + 12MP | 12MP Front CameraA16 Bionic Chip, 6 Core Processor Processor1 Year Warranty for Phone and 6 Months Warranty for In-Box Accessories",4.6
"Apple iPhone 15 (Black, 128 GB)","₹22,999","128 GB ROM15.49 cm (6.1 inch) Super Retina XDR Display48MP + 12MP | 12MP Front CameraA16 Bionic Chip, 6 Core Processor Processor1 Year Warranty for Phone and 6 Months Warranty for In-Box Accessories",4.5
"Motorola Edge 50 Fusion (Forest Blue, 128 GB)","₹18,895",8 GB RAM | 128 GB ROM17.02 cm (6.7 inch) Full HD+ Display50MP + 13MP | 32MP Front Camera5000 mAh Battery7s Gen 2 Processor1 Year on Handset and 6 Months on Accessories,4.4
"OnePlus Nord CE 3 Lite 5G (Chromatic Gray, 256 GB)","₹6,999",8 GB RAM | 256 GB ROM17.07 cm (6.72 inch) Display108MP Rear Camera5000 mAh BatteryDomestic Warranty of 12 months on phone & 6 months on accessories,4.2
"Motorola g04s (Sea Green, 64 GB)","₹18,799",4 GB RAM | 64 GB ROM | Expandable Upto 1 TB16.76 cm (6.6 inch) HD+ Display50MP Rear Camera | 5MP Front Camera5000 mAh BatteryT606 Processor1 Year on Handset and 6 Months on Accessories,4.4
"OnePlus Nord CE 3 Lite 5G (Pastel Lime, 256 GB)","₹14,999",8 GB RAM | 256 GB ROM17.07 cm (6.72 inch) Display108MP Rear Camera5000 mAh BatteryDomestic Warranty of 12 months on phone & 6 months on accessories,4.2
"Motorola g64 5G (Mint Green, 128 GB)","₹6,999",8 GB RAM | 128 GB ROM | Expandable Upto 1 TB16.51 cm (6.5 inch) Full HD+ Display50MP (OIS) + 8MP | 16MP Front Camera6000 mAh BatteryDimensity 7025 Processor1 Year on Handset and 6 Months on Accessories,4.2
"Motorola g04s (Sunrise Orange, 64 GB)",₹960,4 GB RAM | 64 GB ROM | Expandable Upto 1 TB16.76 cm (6.6 inch) HD+ Display50MP Rear Camera | 5MP Front Camera5000 mAh BatteryT606 Processor1 Year on Handset and 6 Months on Accessories,4
LAVA A1 Josh BOL Keypad Mobile|1000 mAh Battery|Expandable Storage 32GB,"₹70,999",4 MB RAM | 4 MB ROM | Expandable Upto 32 GB4.5 cm (1.77 inch) Quarter QVGA Display1000 mAh Battery1 Year Manufacturer Replacement Guarantee for Phone and 6 months Replacement for Accessories in the Box,4.6
"Apple iPhone 15 (Black, 128 GB)","₹10,999","128 GB ROM15.49 cm (6.1 inch) Super Retina XDR Display48MP + 12MP | 12MP Front CameraA16 Bionic Chip, 6 Core Processor Processor1 Year Warranty for Phone and 6 Months Warranty for In-Box Accessories",4.2
"Motorola G34 5G (Charcoal Black, 128 GB)","₹12,999",4 GB RAM | 128 GB ROM16.51 cm (6.5 inch) HD+ Display50MP + 2MP | 16MP Front Camera5000 mAh BatterySnapdragon 695 5G Processor1 Year on Handset and 6 Months on Accessories,4.2
"SAMSUNG Galaxy F34 5G (Mystic Green, 128 GB)","₹10,999",6 GB RAM | 128 GB ROM | Expandable Upto 1 TB16.51 cm (6.5 inch) Full HD+ Display50MP (OIS) + 8MP + 2MP | 13MP Front Camera6000 mAh BatteryExynos 1280 Processor1 Year Manufacturer Warranty for Device and 6 Months Manufacturer Warranty for In-Box Accessories,4.2
"Motorola G34 5G (Ocean Green, 128 GB)","₹6,499",4 GB RAM | 128 GB ROM16.51 cm (6.5 inch) HD+ Display50MP + 2MP | 16MP Front Camera5000 mAh BatterySnapdragon 695 5G ProcessorVegan Leather Design1 Year on Handset and 6 Months on Accessories,4.2
"POCO C61 (Ethereal Blue, 64 GB)","₹14,999",4 GB RAM | 64 GB ROM | Expandable Upto 1 TB17.04 cm (6.71 inch) HD+ Display8MP Rear Camera | 5MP Front Camera5000 mAh BatteryHelio G36 Processor1 Year Manufacturer Warranty for Phone and 6 Months Warranty for In the Box Accessories,4.2
"Motorola g64 5G (Ice Lilac, 128 GB)","₹17,600",8 GB RAM | 128 GB ROM | Expandable Upto 1 TB16.51 cm (6.5 inch) Full HD+ Display50MP (OIS) + 8MP | 16MP Front Camera6000 mAh BatteryDimensity 7025 Processor1 Year on Handset and 6 Months on Accessories,4.4
"OnePlus Nord CE 3 Lite 5G (Pastel Lime, 128 GB)","₹8,499",8 GB RAM | 128 GB ROM17.07 cm (6.72 inch) Display108MP Rear Camera5000 mAh BatteryDomestic Warranty of 12 months on phone & 6 months on accessories,4.2
"POCO C65 (Pastel Green, 256 GB)","₹14,999",8 GB RAM | 256 GB ROM | Expandable Upto 1 TB17.12 cm (6.74 inch) HD+ Display50MP + AI Lens + 2MP | 8MP Front Camera5000 mAh BatteryHelio G85 Processor1 Year Manufacturer Warranty for Phone and 6 Months Warranty for in the Box Accessories,4.2
"Motorola g64 5G (Pearl Blue, 128 GB)","₹10,999",8 GB RAM | 128 GB ROM | Expandable Upto 1 TB16.51 cm (6.5 inch) Full HD+ Display50MP (OIS) + 8MP | 16MP Front Camera6000 mAh BatteryDimensity 7025 Processor1 Year on Handset and 6 Months on Accessories,4.2
"Motorola G34 5G (Ice Blue, 128 GB)","₹39,490",4 GB RAM | 128 GB ROM16.51 cm (6.5 inch) HD+ Display50MP + 2MP | 16MP Front Camera5000 mAh BatterySnapdragon 695 5G Processor1 Year on Handset and 6 Months on Accessories,4.2
"OnePlus 10 Pro 5G (Volcanic Black, 128 GB)","₹35,990",8 GB RAM | 128 GB ROM17.02 cm (6.7 inch) Display48MP Rear Camera | 32MP Front Camera5000 mAh Battery1 Year Manufacturer Warranty for Handset and 6 Months Warranty for In the Box Accessories,4.5
"IQOO Neo 7 Pro (Dark Strom, 128 GB)","₹39,999",8 GB RAM | 128 GB ROM17.22 cm (6.78 inch) Display50MP Rear Camera5000 mAh BatteryDomestic 1 Year of Device & 6 Months for In-Box Accessories,4.5
"IQOO Neo9 Pro (Conqueror Black, 128 GB)","₹39,999",8 GB RAM | 128 GB ROM17.22 cm (6.78 inch) Display50MP Rear Camera5160 mAh Battery1 Year,4.3
"OnePlus 9RT 5G (Nano Silver, 128 GB)","₹36,499",8 GB RAM | 128 GB ROM16.81 cm (6.62 inch) Display50MP Rear Camera4500 mAh Battery12 months,4.1
"SAMSUNG Galaxy A53 (Awesome Blue, 256 GB)","₹39,900",8 GB RAM | 256 GB ROM | Expandable Upto 1 TB16.51 cm (6.5 inch) Full HD+ Display64MP + 12MP + 5MP + 5MP | 32MP Front Camera5000 mAh Lithium Ion BatteryExynos Octa Core Processor Processor1 Year Manufacturer Warranty for Device and 6 Months Manufacturer Warranty for In-Box,4.5
"OnePlus 7 Pro (Mirror Grey, 256 GB)","₹36,990",8 GB RAM | 256 GB ROM16.94 cm (6.67 inch) Display48 MP + 8 MP + 16 MP | 16MP Front Camera4000 mAh Battery1 year manufacturer warranty for device and 6 months manufacturer warranty for in-box accessories including batteries from the date of purchase,4.2
"OnePlus 10R 5G (Sierra Black, 256 GB)","₹6,999",12 GB RAM | 256 GB ROM17.02 cm (6.7 inch) Display50MP Rear Camera4500 mAh Battery1 Year Manufacturer Warranty for Handset and 6 Months Warranty for In the Box Accessories,4.2
"Motorola g04s (Concord Black, 64 GB)","₹1,849",4 GB RAM | 64 GB ROM | Expandable Upto 1 TB16.76 cm (6.6 inch) HD+ Display50MP Rear Camera | 5MP Front Camera5000 mAh BatteryT606 Processor1 Year on Handset and 6 Months on Accessories,4.2
"Nokia 130 Music Dual Sim, Music Player, Wireless FM Radio and Dedicated Music Buttons","₹16,799",4 MB RAM | 4 MB ROM6.1 cm (2.4 inch) Display0MP Front Camera1450 mAh Battery6261D Processor1 Year Replacement Warranty for Device and 6 Months Manufacturer Warranty for Inbox Accessories Including Battery from the Date of Purchase,4.4
"OnePlus Nord CE 3 Lite 5G (Chromatic Gray, 128 GB)","₹70,999",8 GB RAM | 128 GB ROM17.07 cm (6.72 inch) Display108MP Rear Camera5000 mAh BatteryDomestic Warranty of 12 months on phone & 6 months on accessories,4.6
"Apple iPhone 15 (Blue, 128 GB)","₹14,999","128 GB ROM15.49 cm (6.1 inch) Super Retina XDR Display48MP + 12MP | 12MP Front CameraA16 Bionic Chip, 6 Core Processor Processor1 Year Warranty for Phone and 6 Months Warranty for In-Box Accessories",4.5
"vivo T3x 5G (Celestial Green, 128 GB)","₹14,999",6 GB RAM | 128 GB ROM | Expandable Upto 1 TB17.07 cm (6.72 inch) Full HD+ Display50MP + 2MP | 8MP Front Camera6000 mAh Battery6 Gen 1 Processor1 Year Manufacturer Warranty for Device and 6 Months Manufacturer Warranty for Inbox Accessories,4.5
"vivo T3x 5G (Crimson Bliss, 128 GB)","₹16,499",6 GB RAM | 128 GB ROM | Expandable Upto 1 TB17.07 cm (6.72 inch) Full HD+ Display50MP + 2MP | 8MP Front Camera6000 mAh Battery6 Gen 1 Processor1 Year Manufacturer Warranty for Device and 6 Months Manufacturer Warranty for Inbox Accessories,4.4
"vivo T3x 5G (Celestial Green, 128 GB)","₹13,499",8 GB RAM | 128 GB ROM | Expandable Upto 1 TB17.07 cm (6.72 inch) Full HD+ Display50MP + 2MP | 8MP Front Camera6000 mAh Battery6 Gen 1 Processor1 Year Manufacturer Warranty for Device and 6 Months Manufacturer Warranty for Inbox Accessories,4.5
"vivo T3x 5G (Crimson Bliss, 128 GB)","₹13,499",4 GB RAM | 128 GB ROM | Expandable Upto 1 TB17.07 cm (6.72 inch) Full HD+ Display50MP + 2MP | 8MP Front Camera6000 mAh Battery6 Gen 1 Processor1 Year Manufacturer Warranty for Device and 6 Months Manufacturer Warranty for Inbox Accessories,4.5
"vivo T3x 5G (Celestial Green, 128 GB)","₹70,999",4 GB RAM | 128 GB ROM | Expandable Upto 1 TB17.07 cm (6.72 inch) Full HD+ Display50MP + 2MP | 8MP Front Camera6000 mAh Battery6 Gen 1 Processor1 Year Manufacturer Warranty for Device and 6 Months Manufacturer Warranty for Inbox Accessories,4.6
"Apple iPhone 15 (Pink, 128 GB)",₹960,"128 GB ROM15.49 cm (6.1 inch) Super Retina XDR Display48MP + 12MP | 12MP Front CameraA16 Bionic Chip, 6 Core Processor Processor1 Year Warranty for Phone and 6 Months Warranty for In-Box Accessories",4
LAVA A1 Josh BOL Keypad Mobile|1000 mAh Battery|Expandable Storage 32GB,"₹9,499",4 MB RAM | 4 MB ROM | Expandable Upto 32 GB4.5 cm (1.77 inch) Quarter QVGA Display1000 mAh Battery1 Year Manufacturer Replacement Guarantee for Phone and 6 months Replacement for Accessories in the Box,4.3
"POCO M6 Pro 5G (Power Black, 128 GB)","₹16,499",4 GB RAM | 128 GB ROM | Expandable Upto 1 TB17.25 cm (6.79 inch) Full HD+ Display50MP + 2MP | 8MP Front Camera5000 mAh BatterySnapdragon 4 Gen 2 Processor1 Year Manufacturer Warranty for Phone and 6 Months Warranty for In the Box Accessories,4.4
"vivo T3x 5G (Crimson Bliss, 128 GB)","₹6,499",8 GB RAM | 128 GB ROM | Expandable Upto 1 TB17.07 cm (6.72 inch) Full HD+ Display50MP + 2MP | 8MP Front Camera6000 mAh Battery6 Gen 1 Processor1 Year Manufacturer Warranty for Device and 6 Months Manufacturer Warranty for Inbox Accessories,4.2
"POCO C61 (Diamond Dust Black, 64 GB)","₹8,499",4 GB RAM | 64 GB ROM | Expandable Upto 1 TB17.04 cm (6.71 inch) HD+ Display8MP Rear Camera | 5MP Front Camera5000 mAh BatteryHelio G36 Processor1 Year Manufacturer Warranty for Phone and 6 Months Warranty for In the Box Accessories,4.2
"REDMI 13C (Stardust Black, 128 GB)","₹22,999",6 GB RAM | 128 GB ROM | Expandable Upto 1 TB17.12 cm (6.74 inch) HD+ Display50MP Rear Camera | 8MP Front Camera5000 mAh BatteryHelio G85 Processor1 Year Manufacturer Warranty for Phone and 6 Months Warranty for In the Box Accessories,4.5
"Motorola Edge 50 Fusion (Hot Pink, 128 GB)","₹6,999",8 GB RAM | 128 GB ROM17.02 cm (6.7 inch) Full HD+ Display50MP + 13MP | 32MP Front Camera5000 mAh Battery7s Gen 2 Processor1 Year on Handset and 6 Months on Accessories,4.3
"POCO C61 (Diamond Dust Black, 128 GB)","₹16,999",6 GB RAM | 128 GB ROM | Expandable Upto 1 TB17.04 cm (6.71 inch) HD+ Display8MP Rear Camera | 5MP Front Camera5000 mAh BatteryHelio G36 Processor1 Year Manufacturer Warranty for Phone and 6 Months Warranty for In the Box Accessories,4.2
"Motorola g64 5G (Ice Lilac, 256 GB)","₹31,999",12 GB RAM | 256 GB ROM | Expandable Upto 1 TB16.51 cm (6.5 inch) Full HD+ Display50MP (OIS) + 8MP | 16MP Front Camera6000 mAh BatteryDimensity 7025 Processor1 Year on Handset and 6 Months on Accessories,4.4
"Motorola Edge 50 Pro 5G with 68W Charger (Black Beauty, 256 GB)","₹10,999",8 GB RAM | 256 GB ROM17.02 cm (6.7 inch) Display50MP + 13MP + 10MP | 50MP Front Camera4500 mAh Battery7 Gen 3 Mobile Platform Processor1 Year on Handset and 6 Months on Accessories,4.2
"POCO M6 5G (Orion Blue, 256 GB)","₹8,499",8 GB RAM | 256 GB ROM | Expandable Upto 1 TB17.12 cm (6.74 inch) HD+ Display50MP Rear Camera | 5MP Front Camera5000 mAh BatteryMediatek Dimensity 6100+ Processor1 Year Manufacturer Warranty for Phone and 6 Months Warranty for In the Box Accessories,4.2
"POCO C65 (Pastel Blue, 256 GB)","₹14,999",8 GB RAM | 256 GB ROM | Expandable Upto 1 TB17.12 cm (6.74 inch) HD+ Display50MP + AI Lens + 2MP | 8MP Front Camera5000 mAh BatteryHelio G85 Processor1 Year Manufacturer Warranty for Phone and 6 Months Warranty for in the Box Accessories,4.4
"realme 12x 5G (Woodland Green, 128 GB)","₹14,999",8 GB RAM | 128 GB ROM | Expandable Upto 2 TB17.07 cm (6.72 inch) Full HD+ Display50MP + 2MP | 8MP Front Camera5000 mAh BatteryDimensity 6100+ Processor1 Year Manufacturer Warranty for Device and 6 Months Manufacturer Warranty for Inbox Accessories,4.4
"realme 12x 5G (Twilight Purple, 128 GB)","₹1,272",8 GB RAM | 128 GB ROM | Expandable Upto 2 TB17.07 cm (6.72 inch) Full HD+ Display50MP + 2MP | 8MP Front Camera5000 mAh BatteryDimensity 6100+ Processor1 Year Manufacturer Warranty for Device and 6 Months Manufacturer Warranty for Inbox Accessories,4.1
